userID,1,2,3
1,0.8944271909999159,1.0,0.0
2,0.4472135954999579,0.0,1.0
3,0.9486832980505137,0.7071067811865475,0.7071067811865475
4,0.9486832980505137,0.7071067811865475,0.7071067811865475
5,0.8944271909999159,1.0,0.0
